{"IcoMoonType":"selection","icons":[{"icon":{"width":1408,"paths":["M0 192h896v192h-896v-192zM0 448h896v192h-896v-192zM0 704h896v192h-896v-192z","M992 448l192 192 192-192z"],"tags":["menu","options","hamburger"],"defaultCode":59839,"grid":16,"attrs":[]},"attrs":[],"properties":{"ligatures":"menu3, options3","name":"menu3","order":2,"id":192,"prevSize":32,"code":59839},"setIdx":0,"setId":1,"iconIdx":191},{"icon":{"paths":["M621.254 877.254l320-320c24.994-24.992 24.994-65.516 0-90.51l-320-320c-24.994-24.992-65.516-24.992-90.51 0-24.994 24.994-24.994 65.516 0 90.51l210.746 210.746h-613.49c-35.346 0-64 28.654-64 64s28.654 64 64 64h613.49l-210.746 210.746c-12.496 12.496-18.744 28.876-18.744 45.254s6.248 32.758 18.744 45.254c24.994 24.994 65.516 24.994 90.51 0z"],"tags":["arrow-right","right","next"],"defaultCode":59964,"grid":16,"attrs":[]},"attrs":[],"properties":{"ligatures":"arrow-right2, right4","name":"arrow-right2","order":3,"id":317,"prevSize":32,"code":59964},"setIdx":0,"setId":1,"iconIdx":316},{"icon":{"paths":["M402.746 877.254l-320-320c-24.994-24.992-24.994-65.516 0-90.51l320-320c24.994-24.992 65.516-24.992 90.51 0 24.994 24.994 24.994 65.516 0 90.51l-210.746 210.746h613.49c35.346 0 64 28.654 64 64s-28.654 64-64 64h-613.49l210.746 210.746c12.496 12.496 18.744 28.876 18.744 45.254s-6.248 32.758-18.744 45.254c-24.994 24.994-65.516 24.994-90.51 0z"],"tags":["arrow-left","left","previous"],"defaultCode":59968,"grid":16,"attrs":[]},"attrs":[],"properties":{"ligatures":"arrow-left2, left4","name":"arrow-left2","order":4,"id":321,"prevSize":32,"code":59968},"setIdx":0,"setId":1,"iconIdx":320},{"icon":{"paths":["M512 0c-282.77 0-512 229.23-512 512s229.23 512 512 512 512-229.23 512-512-229.23-512-512-512zM512 928c-229.75 0-416-186.25-416-416s186.25-416 416-416 416 186.25 416 416-186.25 416-416 416z","M354.744 706.744l90.512 90.512 285.254-285.256-285.256-285.254-90.508 90.508 194.744 194.746z"],"tags":["circle-right","right","circle-next","arrow"],"defaultCode":59970,"grid":16,"attrs":[]},"attrs":[],"properties":{"ligatures":"circle-right, right5","name":"circle-right","order":5,"id":323,"prevSize":32,"code":59970},"setIdx":0,"setId":1,"iconIdx":322},{"icon":{"paths":["M1024 512c0-282.77-229.23-512-512-512s-512 229.23-512 512 229.23 512 512 512 512-229.23 512-512zM96 512c0-229.75 186.25-416 416-416s416 186.25 416 416-186.25 416-416 416-416-186.25-416-416z","M317.256 354.744l-90.512 90.512 285.256 285.254 285.254-285.256-90.508-90.508-194.746 194.744z"],"tags":["circle-down","down","circle-bottom","arrow"],"defaultCode":59971,"grid":16,"attrs":[]},"attrs":[],"properties":{"ligatures":"circle-down, down3","name":"circle-down","order":6,"id":324,"prevSize":32,"code":59971},"setIdx":0,"setId":1,"iconIdx":323},{"icon":{"paths":["M320 768v-768h-128v768h-160l224 224 224-224h-160z","M448 576h576v128h-576v-128z","M448 384h448v128h-448v-128z","M448 192h320v128h-320v-128z","M448 0h192v128h-192v-128z"],"tags":["sort-amount-asc","arrange"],"defaultCode":59980,"grid":16,"attrs":[]},"attrs":[],"properties":{"ligatures":"sort-amount-asc, arrange5","name":"sort-amount-asc","order":7,"id":333,"prevSize":32,"code":59980},"setIdx":0,"setId":1,"iconIdx":332},{"icon":{"paths":["M320 768v-768h-128v768h-160l224 224 224-224h-160z","M448 0h576v128h-576v-128z","M448 192h448v128h-448v-128z","M448 384h320v128h-320v-128z","M448 576h192v128h-192v-128z"],"tags":["sort-amount-desc","arrange"],"defaultCode":59981,"grid":16,"attrs":[]},"attrs":[],"properties":{"ligatures":"sort-amount-desc, arrange6","name":"sort-amount-desc","order":8,"id":334,"prevSize":32,"code":59981},"setIdx":0,"setId":1,"iconIdx":333}],"height":1024,"metadata":{"name":"icomoon"},"preferences":{"showGlyphs":true,"showQuickUse":true,"showQuickUse2":true,"showSVGs":true,"fontPref":{"prefix":"icon-","metadata":{"fontFamily":"icomoon"},"metrics":{"emSize":1024,"baseline":6.25,"whitespace":50},"embed":false},"imagePref":{"prefix":"icon-","png":true,"useClassSelector":true,"color":0,"bgColor":16777215,"classSelector":".icon"},"historySize":50,"showCodes":true,"gridSize":16}}